-- ==========================================
-- DATOS QUINIELA MUNDIAL 2026
-- ==========================================

-- ==========================================
-- 1. USUARIOS
-- ==========================================
INSERT INTO usuarios (id, username, password, fullname, email, role, fecha_registro) VALUES
(1, 'admin', '$2a$10$EhDq60/L/XRwzjXf0BBUgeq90N7m8r/RAfSI.ljq75odwciZtP0da', 'Administrador', 'admin@quiniela.com', 'admin', '2026-05-25 21:07'),
(3, 'Ale2301', '$2a$10$uXixBNUW5z.5Kz1pERjSQeUX0K0gS4vNIKdXbgSdaUiE/7eIEPnPG', 'Alejandro José Cárdenas Alfonzo', 'alejandrocardenas1204@gmail.com', 'user', '2026-05-25 21:42'),
(7, 'josezamb37', '$2a$10$xa531feJuMNEgntl191PHeKdu1ohnK719Wz.T88rPmnippMxtT1m.', 'José Gabriel', 'josezambranopuente14@gmail.com', 'user', '2026-05-26 22:39'),
(10, 'Yus09', '$2a$10$5RMCUBydM6zJg34jbzipA.eIzbOH/n9FZfZg/a7Gnf2T9Xptdfp7C', 'Yusneidy Pereira', 'yuspereira2502@gmail.com', 'user', '2026-06-02 12:21'),
(11, 'OM8', '$2a$10$K340691.gCdHcJsEUd2e9eySal9r8kQx2ysMBZg7.j4uc.xilNx9S', 'Omar Márquez', 'omarmarquez888@gmail.com', 'user', '2026-06-11 2:23'),
(12, 'leidiPuente', '$2a$10$H4/aQbpJeTOXOoe0peIX7ODovM9ZOCe2lE0SenoT5eI2ih3Bg..hu', 'Leidi Yaresmin Puente García', 'leidipuente@gmail.com', 'user', '2026-06-11 2:57'),
(13, 'Gordo1987', '$2a$10$k3U5MWg7N1yzor8VWhEb8.82OKG03d3oAauCcoO1Irsy0Lc.cWoc6', 'Ervin Yonneider Hernández Calderón', 'ervinhernandezc@gmail.com', 'user', '2026-06-11 12:06'),
(4, 'Yorman_25', '$2a$10$qKXq9UInT75BtcuDO9Z0jOryHyzSJmjnOOOaPpfXn88qx8IgRPMiC', 'Yorman', 'yormanmarcano912@gmail.com', 'user', '2026-05-25 21:45'),
(14, 'Anialfonzo', '$2a$10$tPufPCGt4WuZ6U7ZmkuYOuzOni9kOIMOXYpLkC0hA1hG89uw8/vz.', 'Analiese Alfonso', 'anialfonzo@gmail.com', 'user', '2026-06-12 15:59'),
(15, 'lizjmnz08', '$2a$10$xAsB06Jye83SzkTEp6tjGuObfoPeRT0D5AaJxoCKSSjLjwsPoLC66', 'Liz Jiménez', 'lizgabriela2614@gmail.com', 'user', '2026-06-11 2:06')
ON CONFLICT (id) DO NOTHING;

-- Actualizar secuencia de IDs
SELECT setval('usuarios_id_seq', (SELECT MAX(id) FROM usuarios));

-- ==========================================
-- 2. APUESTAS
-- ==========================================
INSERT INTO apuestas (usuario_id, partido_id, goles_local, goles_visitante) VALUES
(3, 1, 2, 0),
(3, 2, 1, 2),
(3, 3, 2, 1),
(3, 4, 2, 1),
(3, 14, 2, 1),
(3, 22, 1, 0),
(3, 37, 0, 0),
(3, 38, 0, 0),
(3, 39, 0, 0),
(3, 40, 0, 0),
(3, 41, 0, 0),
(3, 42, 0, 0),
(3, 43, 0, 0),
(3, 44, 0, 0),
(3, 45, 0, 0),
(3, 46, 0, 0),
(3, 47, 0, 0),
(3, 48, 0, 0),
(3, 49, 0, 0),
(3, 50, 0, 0),
(3, 51, 0, 0),
(3, 52, 0, 0),
(3, 53, 0, 0),
(3, 54, 0, 0),
(3, 55, 0, 0),
(3, 56, 0, 0),
(3, 57, 0, 0),
(3, 58, 0, 0),
(3, 59, 0, 0),
(3, 60, 0, 0),
(3, 61, 0, 0),
(3, 62, 0, 0),
(3, 63, 0, 0),
(3, 64, 0, 0),
(3, 65, 0, 0),
(3, 66, 0, 0),
(3, 67, 0, 0),
(3, 68, 0, 0),
(3, 70, 0, 0),
(3, 71, 0, 0),
(3, 72, 0, 0),
(3, 73, 0, 0),
(3, 74, 0, 0),
(3, 75, 0, 0),
(3, 76, 0, 0),
(3, 77, 0, 0),
(3, 78, 0, 0),
(13, 1, 1, 0),
(13, 2, 1, 2),
(13, 3, 3, 0),
(13, 4, 1, 1),
(13, 5, 0, 2),
(13, 6, 4, 2),
(13, 7, 0, 3),
(13, 8, 1, 3),
(13, 9, 6, 0),
(13, 10, 3, 1),
(13, 11, 2, 2),
(13, 12, 2, 1),
(13, 13, 5, 0),
(13, 14, 2, 1),
(13, 15, 1, 3),
(13, 16, 1, 2),
(13, 17, 1, 1),
(13, 18, 0, 3),
(13, 19, 2, 1),
(13, 21, 3, 0),
(13, 22, 1, 1),
(13, 23, 2, 1),
(13, 24, 1, 3),
(13, 25, 2, 1),
(13, 26, 1, 1),
(13, 27, 3, 0),
(13, 28, 3, 1),
(13, 29, 2, 1),
(13, 30, 2, 2),
(13, 31, 5, 0),
(13, 32, 1, 2),
(13, 33, 1, 1),
(13, 34, 2, 1),
(13, 35, 3, 0),
(13, 36, 2, 1),
(13, 37, 3, 1),
(13, 38, 2, 0),
(13, 39, 3, 0),
(13, 40, 2, 1),
(13, 41, 1, 1),
(13, 42, 4, 0),
(13, 43, 3, 2),
(13, 44, 1, 2),
(13, 45, 4, 1),
(13, 46, 3, 1),
(13, 47, 1, 3),
(13, 48, 1, 2),
(13, 49, 2, 2),
(11, 20, 2, 1),
(15, 6, 3, 1),
(15, 96, 0, 0),
(15, 97, 0, 0),
(4, 24, 0, 3)
ON CONFLICT (usuario_id, partido_id) DO NOTHING;

-- ==========================================
-- 3. RESULTADOS
-- ==========================================
INSERT INTO resultados (partido_id, goles_local, goles_visitante) VALUES
(1, 2, 0),
(2, 2, 1),
(3, 1, 1),
(4, 4, 1),
(5, 1, 1),
(6, 1, 1),
(7, 0, 1),
(8, 2, 0),
(9, 7, 1),
(10, 2, 2),
(11, 1, 0),
(12, 5, 1),
(13, 0, 0),
(14, 1, 1),
(15, 1, 1),
(16, 2, 2),
(17, 3, 1),
(18, 1, 4),
(19, 3, 0),
(20, 3, 1),
(21, 1, 1),
(22, 4, 2),
(23, 1, 0),
(24, 1, 3),
(25, 1, 1),
(26, 4, 1),
(27, 6, 0),
(28, 1, 0),
(29, 2, 0),
(30, 0, 1),
(31, 3, 0),
(32, 0, 1),
(33, 5, 1),
(34, 2, 1)
ON CONFLICT (partido_id) DO NOTHING;

-- ==========================================
-- 4. RANKING
-- ==========================================
INSERT INTO ranking (usuario_id, puntos) VALUES
(1, 0),
(3, 26),
(7, 0),
(10, 26),
(11, 30),
(12, 0),
(13, 19),
(4, 23),
(14, 28),
(15, 34)
ON CONFLICT (usuario_id) DO UPDATE SET puntos = EXCLUDED.puntos;